name,team,bats,throws
aaron ashby,MIL,R,L
aaron bummer,ATL,L,L
aaron civale,ATH,R,R
aaron judge,NYY,R,R
aaron nola,PHI,R,R
abimelec ortiz,WSH,L,L
abner uribe,MIL,R,R
adael amador,COL,S,R
adam frazier,LAA,L,R
adam macko,TOR,L,L
adam mazur,MIA,R,R
addison barger,TOR,L,R
adley rutschman,BAL,S,R
adolis garcia,PHI,R,R
adrian del castillo,ARI,L,R
adrian houser,SF,R,R
adrian morejon,SD,L,L
agustin ramirez,MIA,R,R
aj blubaugh,HOU,R,R
aj minter,NYM,L,L
aj puk,ARI,L,L
aj smithshawver,ATL,R,R
akil baddoo,MIL,L,L
alan rangel,PHI,R,R
alan roden,MIN,L,R
albert suarez,BAL,R,R
alec bohm,PHI,R,R
alec burleson,STL,L,L
alec gamboa,BOS,S,L
alec marsh,KC,R,R
alejandro kirk,TOR,R,R
alejandro osuna,TEX,L,L
alek jacob,SD,L,R
alek manoah,LAA,R,R
alek thomas,ARI,L,L
alex bregman,CHC,R,R
alex call,LAD,R,R
alex carrillo,NYM,R,R
alex cook,TB,R,R
alex freeland,LAD,S,R
alex hoppe,SEA,R,R
alex lange,KC,R,R
alex mcfarlane,PHI,R,R
alex vesia,LAD,L,L
amed rosario,NYY,R,R
andre granillo,WSH,R,R
andre pallante,STL,R,R
andres chaparro,WSH,R,R
andres gimenez,TOR,L,R
andres munoz,SEA,R,R
andrew abbott,CIN,L,L
andrew alvarez,WSH,L,L
andrew benintendi,CWS,L,L
andrew chafin,CIN,R,L
andrew hoffmann,ARI,R,R
andrew kittredge,BAL,R,R
andrew mccutchen,TEX,R,R
andrew morris,MIN,R,R
andrew nardi,MIA,L,L
andrew painter,PHI,R,R
andrew saalfrank,ARI,L,L
andrew vaughn,MIL,R,R
andrew walters,CLE,R,R
andruw monasterio,BOS,R,R
andy ibanez,ATH,R,R
andy ibanez,NYM,R,R
andy pages,LAD,R,R
angel chivilli,NYY,R,R
angel genao,CLE,S,R
angel martinez,CLE,S,R
angel zerpa,MIL,L,L
anthony banda,MIN,L,L
anthony bender,MIA,R,R
anthony kay,CWS,L,L
anthony molina,ATL,R,R
anthony nunez,BAL,S,R
anthony rendon,LAA,R,R
anthony santander,TOR,S,R
anthony seigler,BOS,L,S
anthony volpe,NYY,R,R
antonio senzatela,COL,R,R
antwone kelly,PIT,R,R
aroldis chapman,BOS,L,L
austin hays,CWS,R,R
austin hedges,CLE,R,R
austin martin,MIN,R,R
austin peterson,CLE,R,R
austin riley,ATL,R,R
austin slater,MIA,R,R
austin slater,NYM,R,R
austin warren,NYM,R,R
austin wells,NYY,L,R
austin wynns,ATH,R,R
bailey falter,KC,R,L
bailey horn,DET,L,L
bailey ober,MIN,R,R
beau brieske,DET,R,R
ben brown,CHC,R,R
ben casparius,LAD,R,R
ben cowles,CHC,R,R
ben joyce,LAA,R,R
ben kudrna,KC,R,R
ben rice,NYY,L,R
ben williamson,TB,R,R
bennett sousa,HOU,L,L
billy cook,PIT,R,R
blade tidwell,SF,R,R
blaine crim,COL,R,R
blake dunn,CIN,R,R
blake perkins,MIL,S,R
blake snell,LAD,L,L
blake treinen,LAD,R,R
blake walston,ARI,L,L
blas castano,COL,R,R
blas castano,SEA,R,R
blaze alexander,BAL,R,R
bo bichette,NYM,R,R
bo naylor,CLE,L,R
bobby miller,LAD,L,R
bobby witt jr,KC,R,R
bowden francis,TOR,R,R
brad keller,PHI,R,R
brad lord,WSH,R,R
braden nett,ATH,R,R
braden shewmake,HOU,L,R
bradgley rodriguez,SD,R,R
bradley blalock,MIA,R,R
brady basso,ATH,R,L
brady house,WSH,R,R
brady singer,CIN,R,R
brandan bidois,PIT,R,R
brandon eisert,CWS,L,L
brandon lockridge,MIL,R,R
brandon lowe,PIT,L,R
brandon marsh,PHI,L,R
brandon nimmo,TEX,L,R
brandon pfaadt,ARI,R,R
brandon sproat,MIL,R,R
brandon valenzuela,TOR,S,R
brandon walter,HOU,L,L
brandon williamson,CIN,R,L
brandon woodruff,MIL,L,R
brandon young,BAL,R,R
brandyn garcia,ARI,L,L
brant hurter,DET,L,L
braxton ashcraft,PIT,L,R
braxton fulford,COL,R,R
braxton garrett,MIA,R,L
brayan bello,BOS,R,R
brayan rocchio,CLE,S,R
braydon fisher,TOR,R,R
brenan hanifee,DET,R,R
brendan beck,NYY,R,R
brendan donovan,SEA,L,R
brendon little,TOR,L,L
brennan bernardino,COL,L,L
brent headrick,NYY,L,L
brent rooker,ATH,R,R
brent suter,LAA,L,L
brenton doyle,COL,R,R
brett baty,NYM,L,R
brett harris,ATH,R,R
brett sullivan,COL,L,R
brian fitzpatrick,MIL,S,L
brice matthews,HOU,R,R
brice turang,MIL,L,R
brock burke,CIN,L,L
brock stewart,LAD,L,R
brooks baldwin,CWS,S,R
brooks kriske,ATH,R,R
brooks lee,MIN,S,R
brooks raley,NYM,L,L
brusdar graterol,LAD,R,R
bryan abreu,HOU,R,R
bryan baker,TB,R,R
bryan hoeing,SD,R,R
bryan hudson,CWS,L,L
bryan king,HOU,R,L
bryan reynolds,PIT,S,R
bryan torres,STL,L,R
bryan woo,SEA,R,R
bryce elder,ATL,R,R
bryce eldridge,SF,L,R
bryce harper,PHI,L,R
bryce johnson,SD,S,R
bryce miller,SEA,R,R
bryce teodosio,LAA,R,L
brycen mautz,STL,L,L
bryson stott,PHI,L,R
bubba chandler,PIT,S,R
burch smith,DET,R,R
byron buxton,MIN,R,R
cade cavalli,WSH,R,R
cade gibson,MIA,L,L
cade horton,CHC,R,R
cade povich,BAL,L,L
cade smith,CLE,R,R
cade winquest,NYY,R,R
caden dana,LAA,L,R
cal quantrill,TEX,L,R
cal raleigh,SEA,S,R
caleb durbin,BOS,R,R
caleb ferguson,CIN,R,L
caleb kilian,SF,R,R
caleb thielbar,CHC,R,L
calvin faucher,MIA,R,R
cam booser,TB,L,L
cam sanders,PIT,R,R
cam schlittler,NYY,R,R
cam smith,HOU,R,R
cameron foster,BAL,R,R
camilo doval,NYY,R,R
carl edwards jr,NYM,R,R
carlos carrasco,ATL,R,R
carlos correa,HOU,R,R
carlos cortes,ATH,L,S
carlos estevez,KC,R,R
carlos narvaez,BOS,R,R
carlos rodon,NYY,L,L
carlos rodriguez,MIL,R,R
carlos santana,ARI,S,R
carlos vargas,SEA,R,R
carmen mlodzinski,PIT,R,R
carson benge,NYM,L,R
carson kelly,CHC,R,R
carson palmquist,COL,L,L
carson seymour,SF,R,R
carson whisenhunt,SF,L,L
carson williams,TB,R,R
carter baumler,TEX,R,R
carter jensen,KC,L,R
casey legumina,SEA,R,R
casey legumina,TB,R,R
casey mize,DET,R,R
casey schmitt,SF,R,R
ceddanne rafaela,BOS,R,R
cedric mullins,TB,L,L
cesar prieto,STL,L,R
cesar salazar,HOU,L,R
chad patrick,MIL,R,R
chandler simpson,TB,L,R
charlie barnes,CHC,L,L
chase burns,CIN,R,R
chase delauter,CLE,L,L
chase dollander,COL,R,R
chase hampton,NYY,R,R
chase lee,TOR,R,R
chase meidroth,CWS,R,R
chase petty,CIN,R,R
chase shugart,PHI,L,R
chase silseth,LAA,R,R
chase solesky,TB,R,R
chayce mcdermott,LAD,L,R
chen zhongao zhuang,ATH,R,R
chris bassitt,BAL,R,R
chris devenski,PIT,R,R
chris martin,TEX,R,R
chris murphy,CWS,L,L
chris paddack,MIA,R,R
chris roycroft,STL,R,R
chris sale,ATL,L,L
christian cairo,PHI,R,R
christian encarnacionstrand,BAL,R,R
christian encarnacionstrand,CIN,R,R
christian franklin,WSH,R,R
christian koss,SF,R,R
christian moore,LAA,R,R
christian roa,HOU,R,R
christian roa,MIN,R,R
christian scott,NYM,R,R
christian vazquez,HOU,R,R
christian walker,HOU,R,R
christian yelich,MIL,L,R
christopher morel,MIA,R,R
cionel perez,WSH,R,L
cj abrams,WSH,L,R
cj kayfus,CLE,L,L
clarke schmidt,NYY,R,R
clay holmes,NYM,R,R
clayton beeter,WSH,R,R
coby mayo,BAL,R,R
codi heuer,CLE,R,R
cody bellinger,NYY,L,L
cody bolton,HOU,R,R
cody bradford,TEX,L,L
cody freeman,TEX,R,R
cody laweryson,MIN,L,R
cody ponce,TOR,R,R
colby thomas,ATH,R,R
cole henry,WSH,R,R
cole ragans,KC,L,L
cole sands,MIN,R,R
cole sulser,TB,R,R
cole wilcox,SEA,R,R
cole winn,TEX,R,R
cole young,SEA,L,R
coleman crow,MIL,R,R
colin holderman,CLE,R,R
colin rea,CHC,R,R
colin selby,BAL,R,R
colson montgomery,CWS,L,R
colt emerson,SEA,L,R
colt keith,DET,L,R
colton cowser,BAL,L,R
colton gordon,HOU,L,L
connelly early,BOS,L,L
connor brogdon,CLE,R,R
connor joe,SEA,R,R
connor norby,MIA,R,R
connor phillips,CIN,R,R
connor prielipp,MIN,L,L
connor seabold,DET,R,R
connor wong,BOS,R,R
cooper criswell,SEA,R,R
cooper hjerpe,STL,L,L
cooper pratt,MIL,R,R
corbin burnes,ARI,R,R
corbin carroll,ARI,L,L
corbin martin,CHC,R,R
corey seager,TEX,L,R
craig kimbrel,NYM,R,R
craig yoho,MIL,R,R
cristian javier,HOU,R,R
cristian mena,ARI,R,R
cristopher sanchez,PHI,L,L
curtis mead,WSH,R,R
dalton rushing,LAD,L,R
dane myers,CIN,R,R
daniel espino,CLE,R,R
daniel johnson,HOU,L,L
daniel lynch iv,KC,L,L
daniel palencia,CHC,R,R
daniel schneemann,CLE,L,R
daniel susac,SF,R,R
danny coulombe,BOS,L,L
danny jansen,TEX,R,R
danny young,ATL,L,L
dansby swanson,CHC,R,R
darell hernaiz,ATH,R,R
daulton varsho,TOR,L,R
david bednar,NYY,L,R
david davalillo,TEX,R,R
david festa,MIN,R,R
david fry,CLE,R,R
david hamilton,MIL,L,R
david morgan,SD,R,R
david peterson,NYM,L,L
david sandlin,CWS,R,R
davis martin,CWS,L,R
davis schneider,TOR,R,R
dax fulton,MIA,L,L
daylen lile,WSH,L,R
daysbel hernandez,ATL,R,R
dean kremer,BAL,R,R
dedniel nunez,NYM,R,R
dennis santana,PIT,R,R
denzel clarke,ATH,R,R
denzer guzman,LAA,R,R
derek hill,CWS,R,R
devin williams,NYM,R,R
deyvison de los santos,MIA,R,R
didier fuentes,ATL,R,R
diego cartaya,SF,R,R
dietrich enns,BAL,L,L
dillon dingler,DET,R,R
dj herz,WSH,R,L
dl hall,MIL,L,L
dom keegan,TB,R,R
domingo gonzalez,SEA,R,R
dominic canzone,SEA,L,R
dominic smith,ATL,L,L
doug nikhazy,CHC,L,L
drake baldwin,ATL,L,R
drew anderson,DET,R,R
drew gilbert,SF,L,L
drew millas,WSH,S,R
drew pomeranz,LAA,R,L
drew rasmussen,TB,R,R
drew romo,CWS,S,R
drew sommers,DET,L,L
drew thorpe,CWS,L,R
drey jameson,ARI,R,R
duncan davitt,CWS,R,R
dustin harris,HOU,L,R
dustin may,STL,R,R
dylan beavers,BAL,L,R
dylan carlson,CHC,S,L
dylan cease,TOR,R,R
dylan crews,WSH,R,R
dylan dodd,ATL,L,L
dylan lee,ATL,L,L
dylan moore,PHI,R,R
dylan ray,ARI,R,R
dylan ross,NYM,R,R
dylan smith,SF,R,R
easton mcgee,MIL,R,R
edgar quero,CWS,S,R
edgardo henriquez,LAD,R,R
edmundo sosa,PHI,R,R
edouard julien,COL,L,R
eduard bazardo,SEA,R,R
eduardo rivera,BOS,L,L
eduardo rodriguez,ARI,L,L
eduardo valencia,DET,R,R
eduarniel nunez,ATH,R,R
edward cabrera,CHC,R,R
edwin arroyo,CIN,S,R
edwin diaz,LAD,R,R
edwin uceta,TB,R,R
eli morgan,KC,R,R
eli white,ATL,R,R
elias diaz,KC,R,R
elly de la cruz,CIN,S,R
elmer rodriguez,NYY,L,R
eloy jimenez,TOR,R,R
elvis alvarado,ATH,R,R
emerson hancock,SEA,R,R
emiliano teodo,TEX,R,R
emilio pagan,CIN,L,R
emmanuel rodriguez,MIN,L,L
emmet sheehan,LAD,R,R
endy rodriguez,PIT,S,R
enmanuel de jesus,DET,L,L
enyel de los santos,HOU,R,R
eric cerantola,KC,R,R
eric haase,SF,R,R
eric lauer,TOR,R,L
eric orze,MIN,R,R
eric wagaman,MIN,R,R
eric wagaman,NYM,R,R
erick fedde,CWS,R,R
erik miller,SF,L,L
erik sabrowski,CLE,R,L
ernie clement,TOR,R,R
esmerlyn valdez,PIT,R,R
esteury ruiz,MIA,R,R
ethan roberts,CHC,R,R
eugenio suarez,CIN,R,R
eury perez,MIA,R,R
evan carter,TEX,L,R
evan phillips,LAD,R,R
evan sisk,PIT,L,L
everson pereira,CWS,R,R
ezequiel duran,TEX,R,R
ezequiel tovar,COL,R,R
felix bautista,BAL,R,R
felix reyes,PHI,R,R
fernando cruz,NYY,R,R
fernando tatis jr,SD,R,R
foster griffin,WSH,R,L
framber valdez,DET,R,L
francisco alvarez,NYM,R,R
francisco lindor,NYM,S,R
franco aleman,CLE,R,R
freddie freeman,LAD,L,R
freddy fermin,SD,R,R
freddy peralta,NYM,R,R
gabe speier,SEA,L,L
gabriel arias,CLE,R,R
gabriel gonzalez,MIN,R,R
gabriel hughes,COL,R,R
gabriel moreno,ARI,R,R
gabriel rincones jr,PHI,L,R
garrett acton,MIN,L,R
garrett cleavinger,TB,R,L
garrett crochet,BOS,L,L
garrett hawkins,SD,R,R
garrett mitchell,MIL,L,R
garrett stubbs,PHI,L,R
garrett whitlock,BOS,R,R
gary sanchez,MIL,R,R
gavin collyer,TEX,R,R
gavin hollowell,CHC,R,R
gavin lux,TB,L,R
gavin sheets,SD,L,L
gavin stone,LAD,R,R
gavin williams,CLE,L,R
george kirby,SEA,R,R
george klassen,LAA,R,R
george soriano,STL,R,R
george springer,TOR,R,R
george valera,CLE,L,L
geraldo perdomo,ARI,S,R
german marquez,SD,R,R
gerrit cole,NYY,R,R
giancarlo stanton,NYY,R,R
gleyber torres,DET,R,R
gordon graceffo,STL,R,R
graham ashcraft,CIN,L,R
graham pauley,MIA,L,R
grant anderson,MIL,R,R
grant holman,DET,R,R
grant holman,LAD,R,R
grant holman,PHI,R,R
grant holmes,ATL,L,R
grant mccray,SF,L,R
grant taylor,CWS,R,R
grant wolfram,BAL,L,L
grayson rodriguez,LAA,L,R
greg jones,MIL,S,R
greg weissert,BOS,R,R
gregory santos,SF,R,R
gregory soto,PIT,L,L
griffin canning,SD,R,R
griffin conine,MIA,L,R
griffin jax,TB,R,R
gunnar henderson,BAL,L,R
gunnar hoglund,ATH,L,R
gus varland,WSH,L,R
harrison bader,SF,R,R
harry ford,WSH,R,R
haseong kim,ATL,R,R
hayden birdsong,SF,R,R
hayden harris,ATL,L,L
hayden senger,NYM,R,R
hayden wesneski,HOU,R,R
hector rodriguez,CIN,L,R
heliot ramos,SF,R,R
hendry mendez,MIN,L,L
henry baez,ATH,R,R
henry davis,PIT,R,R
heriberto hernandez,MIA,R,R
heston kjerstad,BAL,L,R
hoby milner,CHC,L,L
hogan harris,ATH,R,L
huascar brazoban,NYM,R,R
hunter barco,PIT,L,L
hunter bigge,TB,R,R
hunter brown,HOU,R,R
hunter dobbins,STL,R,R
hunter feduccia,TB,L,R
hunter gaddis,CLE,R,R
hunter goodman,COL,R,R
hunter greene,CIN,R,R
hunter harvey,CHC,R,R
hunter stratton,ATL,R,R
hurston waldrep,ATL,R,R
hyeseong kim,LAD,L,R
ian happ,CHC,S,R
ian seymour,TB,L,L
ildemaro vargas,ARI,S,R
isaac collins,KC,S,R
isaac mattson,PIT,R,R
isaac paredes,HOU,R,R
isiah kinerfalefa,BOS,R,R
ivan herrera,STL,R,R
jac caglianone,KC,L,L
jace jung,DET,L,R
jack anderson,BOS,R,R
jack brannigan,PIT,R,R
jack dreyer,LAD,R,L
jack flaherty,DET,R,R
jack kochanowicz,LAA,L,R
jack leiter,TEX,R,R
jack perkins,ATH,R,R
jackson chourio,MIL,R,R
jackson holliday,BAL,L,R
jackson jobe,DET,R,R
jackson merrill,SD,L,R
jackson rutledge,WSH,R,R
jacob degrom,TEX,L,R
jacob latz,TEX,R,L
jacob lopez,ATH,L,L
jacob melton,TB,L,L
jacob misiorowski,MIL,R,R
jacob webb,CHC,R,R
jacob wilson,ATH,R,R
jacob young,WSH,R,R
jaden hill,COL,R,R
jadher areinamo,TB,R,R
jahmai jones,DET,R,R
jake bauers,MIL,L,L
jake bennett,BOS,L,L
jake bird,NYY,R,R
jake bloss,TOR,R,R
jake burger,TEX,R,R
jake cousins,LAD,R,R
jake cronenworth,SD,L,R
jake eder,LAD,L,L
jake fraley,TB,L,L
jake irvin,WSH,R,R
jake mangum,PIT,S,L
jake mccarthy,COL,L,L
jake meyers,HOU,R,L
jake miller,DET,R,R
jake rogers,DET,R,R
jake woodford,MIL,R,R
jakob junis,TEX,R,R
jakob marsee,MIA,L,L
jalen beeks,TEX,L,L
james mcarthur,KC,R,R
james mccann,ARI,R,R
james outman,MIN,L,R
james triantos,CHC,R,R
james wood,WSH,L,R
jameson taillon,CHC,R,R
janson junk,MIA,R,R
jared jones,PIT,L,R
jared koenig,MIL,R,L
jared oliva,SF,R,R
jared serna,MIA,R,R
jared shuster,STL,L,L
jared triolo,PIT,R,R
jared young,NYM,L,R
jarred kelenic,CWS,L,L
jarren duran,BOS,L,R
jason adam,SD,R,R
jason alexander,HOU,R,R
jason foley,SF,R,R
jasson dominguez,NYY,S,R
javier assad,CHC,R,R
javier baez,DET,R,R
javier sanoja,MIA,R,R
jayden murray,HOU,R,R
jazz chisholm jr,NYY,L,R
jc escarra,NYY,L,R
jean cabrera,PHI,R,R
jeferson quero,MIL,R,R
jeff criswell,COL,R,R
jeff hoffman,TOR,R,R
jeff mcneil,ATH,L,R
jeffrey springs,ATH,L,L
jeimer candelario,LAA,S,R
jerar encarnacion,SF,R,R
jeremiah estrada,SD,S,R
jeremiah jackson,BAL,R,R
jeremy pena,HOU,R,R
jesse scholtens,TB,R,R
jesus luzardo,PHI,L,L
jesus rodriguez,SF,R,R
jesus sanchez,TOR,L,R
jesus valdez,ARI,R,R
jhancarlos lara,ATL,R,R
jhoan duran,PHI,R,R
jhonny pereda,SEA,R,R
jhony brito,SD,R,R
jhostynxon garcia,PIT,R,R
jim jarvis,ATL,L,R
jimmy crooks,STL,L,R
jimmy herget,COL,R,R
jj bleday,CIN,L,L
jj wetherholt,STL,L,R
jo adell,LAA,R,R
joc pederson,TEX,L,L
joe boyle,TB,R,R
joe jimenez,ATL,R,R
joe mack,MIA,L,R
joe mantiply,TOR,R,L
joe musgrove,SD,R,R
joe rock,TB,L,L
joe ryan,MIN,R,R
joel kuhnel,ATH,R,R
joel payamps,ATL,R,R
joel peguero,SF,R,R
joey bart,PIT,R,R
joey cantillo,CLE,L,L
joey estes,ATH,R,R
joey gerber,NYM,R,R
joey loperfido,HOU,L,R
joey ortiz,MIL,R,R
joey wentz,ATL,L,L
joey wiemer,WSH,R,R
johan oviedo,BOS,R,R
johan rojas,PHI,R,R
john king,MIA,L,L
john klein,MIN,R,R
john rave,KC,L,L
john schreiber,KC,R,R
johnathan rodriguez,BAL,R,R
jojo romero,STL,L,L
jonah heim,ATH,S,R
jonah heim,ATL,S,R
jonah tong,NYM,R,R
jonatan clase,TOR,S,R
jonathan aranda,TB,L,R
jonathan bowlan,PHI,R,R
jonathan cannon,CWS,R,R
jonathan india,KC,R,R
jonathan loaisiga,ARI,R,R
jonathan pintaro,NYM,R,R
jonny deluca,TB,R,R
jorbit vivas,WSH,L,R
jordan beck,COL,R,R
jordan hicks,CWS,R,R
jordan lawlar,ARI,R,R
jordan leasure,CWS,R,R
jordan montgomery,TEX,L,L
jordan romano,LAA,R,R
jordan walker,STL,R,R
jordan westburg,BAL,R,R
jordan wicks,CHC,L,L
jorge barrosa,ARI,S,L
jorge mateo,ATL,R,R
jorge polanco,NYM,S,R
jorge soler,LAA,R,R
jose a ferrer,SEA,L,L
jose altuve,HOU,R,R
jose alvarado,PHI,L,L
jose azocar,ATL,R,R
jose berrios,TOR,R,R
jose butto,SF,R,R
jose caballero,NYY,R,R
jose corniell,TEX,R,R
jose espada,BAL,R,R
jose fermin,LAA,R,R
jose fermin,STL,R,R
jose fernandez,ARI,R,R
jose franco,CIN,R,R
jose quintana,COL,R,L
jose ramirez,CLE,S,R
jose soriano,LAA,R,R
jose suarez,ATL,L,L
jose suarez,SEA,L,L
jose tena,WSH,L,R
jose trevino,CIN,R,R
jose urquidy,PIT,R,R
josh bell,MIN,S,R
josh ekness,MIA,R,R
josh fleming,TOR,L,L
josh hader,HOU,L,L
josh jung,TEX,R,R
josh lowe,LAA,L,R
josh naylor,SEA,L,L
josh simpson,SEA,L,L
josh smith,TEX,L,R
josh white,MIA,R,R
joshua baez,STL,R,R
josiah gray,WSH,R,R
jovani moran,BOS,L,L
jp crawford,SEA,L,R
jp sears,SD,R,L
jr ritchie,ATL,R,R
jt brubaker,SF,R,R
jt ginn,ATH,R,R
jt realmuto,PHI,R,R
juan brito,CLE,S,R
juan burgos,ARI,R,R
juan mejia,COL,R,R
juan morillo,ARI,R,R
juan soto,NYM,L,L
juan yepez,TOR,R,R
julian aguiar,CIN,L,R
julian fernandez,WSH,R,R
julio rodriguez,SEA,R,R
jung hoo lee,SF,L,R
junior caminero,TB,R,R
junior perez,ATH,R,R
jurickson profar,ATL,S,R
justin bruihl,STL,L,L
justin crawford,PHI,L,R
justin dean,CHC,R,R
justin foscue,TEX,R,R
justin hagenman,NYM,R,R
justin lawrence,PIT,R,R
justin martinez,ARI,R,R
justin slaten,BOS,R,R
justin steele,CHC,L,L
justin sterner,ATH,R,R
justin topa,MIN,R,R
justin verlander,DET,R,R
justin wrobleski,LAD,L,L
justynhenry malloy,TB,R,R
kade strowd,ARI,R,R
kahlil watson,CLE,L,R
kaiwei teng,HOU,R,R
kameron misner,KC,L,L
kazuma okamoto,TOR,R,R
keaton winn,SF,R,R
kebryan hayes,CIN,R,R
keegan akin,BAL,L,L
keibert ruiz,WSH,S,R
keider montero,DET,R,R
ken waldichuk,WSH,L,L
kendry rojas,MIN,L,L
kenley jansen,DET,S,R
kerry carpenter,DET,L,R
kervin castro,NYY,R,R
ketel marte,ARI,S,R
kevin alcantara,CHC,R,R
kevin gausman,TOR,L,R
kevin ginkel,ARI,L,R
kevin kelly,TB,R,R
kevin mcgonigle,DET,L,R
kike hernandez,LAD,R,R
kirby yates,LAA,L,R
kodai senga,NYM,L,R
kody clemens,MIN,L,R
kody funderburk,MIN,L,L
kohl drake,ARI,L,L
konnor griffin,PIT,R,R
kris bryant,COL,R,R
kris bubic,KC,L,L
kristian campbell,BOS,R,R
kumar rocker,TEX,R,R
kutter crawford,BOS,R,R
ky bush,CWS,L,L
kyle backhus,PHI,L,L
kyle bradish,BAL,R,R
kyle farmer,ATL,R,R
kyle finnegan,DET,R,R
kyle freeland,COL,L,L
kyle harrison,MIL,R,L
kyle hart,SD,L,L
kyle higashioka,TEX,R,R
kyle hurt,LAD,R,R
kyle isbel,KC,L,R
kyle karros,COL,R,R
kyle leahy,STL,S,R
kyle manzardo,CLE,L,R
kyle nicolas,CIN,R,R
kyle schwarber,PHI,L,R
kyle stowers,MIA,L,L
kyle teel,CWS,L,R
kyle tucker,LAD,L,R
kyren paris,LAA,R,R
lake bachar,MIA,R,R
lance mccullers jr,HOU,L,R
landen roupp,SF,R,R
landon knack,LAD,L,R
lane thomas,KC,R,R
lars nootbaar,STL,L,R
lawrence butler,ATH,L,R
lazaro estrada,TOR,R,R
leandro lopez,TEX,R,R
lenyn sosa,TOR,R,R
leo balcazar,CIN,R,R
leo bernal,STL,S,R
leo jimenez,MIA,R,R
leo rivas,SEA,S,R
leody taveras,BAL,S,R
liam hicks,MIA,L,R
logan allen,CLE,R,L
logan evans,SEA,R,R
logan gilbert,SEA,R,R
logan henderson,MIL,R,R
logan ohoppe,LAA,R,R
logan vanwey,HOU,R,R
logan webb,SF,R,R
lou trivino,BAL,R,R
louis varland,TOR,L,R
lourdes gurriel jr,ARI,R,R
lucas erceg,KC,L,R
lucas giolito,SD,R,R
luinder avila,KC,R,R
luis arraez,SF,L,R
luis campusano,SD,R,R
luis castillo,SEA,R,R
luis curvelo,TEX,R,R
luis garcia,MIN,R,R
luis garcia jr,WSH,L,R
luis gil,NYY,R,R
luis matos,MIL,R,R
luis medina,ATH,R,R
luis mey,CIN,R,R
luis morales,ATH,R,R
luis perales,WSH,R,R
luis peralta,COL,L,L
luis peralta,STL,L,L
luis rengifo,MIL,S,R
luis robert jr,NYM,R,R
luis severino,ATH,R,R
luis torrens,NYM,R,R
luisangel acuna,CWS,R,R
luke keaschall,MIN,R,R
luke little,CHC,L,L
luke raley,SEA,L,R
luke weaver,NYM,R,R
mackenzie gore,TEX,L,L
maikel garcia,KC,R,R
manny machado,SD,R,R
manuel rodriguez,TB,R,R
marc church,TEX,R,R
marcell ozuna,PIT,R,R
marcelo mayer,BOS,L,R
marco raya,MIN,R,R
marcus semien,NYM,R,R
mark leiter jr,ATH,R,R
mark vientos,NYM,R,R
martin perez,ATL,L,L
masataka yoshida,BOS,L,R
mason barnett,ATH,R,R
mason black,KC,R,R
mason englert,TB,S,R
mason fluharty,TOR,R,L
mason mccoy,SD,R,R
mason miller,SD,R,R
mason montgomery,PIT,L,L
masyn winn,STL,R,R
matt bowman,MIN,R,R
matt brash,SEA,R,R
matt chapman,SF,R,R
matt festa,CLE,R,R
matt gage,SF,L,L
matt mclain,CIN,R,R
matt mervis,WSH,L,R
matt olson,ATL,L,R
matt pushard,STL,R,R
matt shaw,CHC,R,R
matt strahm,KC,R,L
matt svanson,STL,R,R
matt vierling,DET,R,R
matt waldron,SD,R,R
matt wallner,MIN,L,R
matthew boyd,CHC,L,L
matthew liberatore,STL,L,L
matthew lugo,LAA,R,R
mauricio dubon,ATL,R,R
maverick handley,BAL,R,R
max fried,NYY,L,L
max kranick,WSH,R,R
max lazar,PHI,R,R
max meyer,MIA,L,R
max muncy,ATH,R,R
max muncy,LAD,R,R
max scherzer,TOR,R,R
max schuemann,NYY,R,R
maximo acosta,MIA,R,R
mccade brown,COL,R,R
merrill kelly,ARI,R,R
michael busch,CHC,L,R
michael conforto,CHC,L,R
michael grove,TB,R,R
michael harris ii,ATL,L,L
michael helman,TEX,R,R
michael kelly,ATH,R,R
michael king,SD,R,R
michael lorenzen,COL,R,R
michael massey,KC,L,R
michael mcgreevy,STL,L,R
michael petersen,MIA,R,R
michael siani,LAD,L,L
michael soroka,ARI,R,R
michael wacha,KC,R,R
michel otanez,TEX,R,R
mick abel,MIN,R,R
mickey gasper,BOS,S,R
mickey moniak,COL,L,R
miguel amaya,CHC,R,R
miguel andujar,SD,R,R
miguel mendez,SD,R,R
miguel rojas,LAD,R,R
miguel ullola,HOU,R,R
miguel vargas,CWS,R,R
mike burrows,HOU,R,R
mike trout,LAA,R,R
mike vasil,CWS,L,R
mike yastrzemski,ATL,L,L
miles mastrobuoni,SEA,L,R
miles mikolas,WSH,R,R
mitch bratt,ARI,L,L
mitch farris,LAA,L,L
mitch garver,SEA,R,R
mitch keller,PIT,R,R
mitch spence,KC,R,R
mitchell parker,WSH,L,L
mj melendez,NYM,L,R
moises ballesteros,CHC,L,R
moises chace,PHI,R,R
mookie betts,LAD,R,R
munetaka murakami,CWS,L,R
myles straw,TOR,R,R
nacho alvarez jr,ATL,R,R
nasim nunez,WSH,S,R
nate eaton,BOS,R,R
nate pearson,HOU,R,R
nathan church,STL,L,L
nathan eovaldi,TEX,R,R
nathan lukes,TOR,L,R
nathaniel lowe,CIN,L,R
nick allen,HOU,R,R
nick castellanos,SD,R,R
nick davila,SEA,R,R
nick fortes,TB,R,R
nick gonzales,PIT,R,R
nick kurtz,ATH,L,L
nick lodolo,CIN,L,L
nick loftin,KC,R,R
nick martinez,TB,L,R
nick mears,KC,R,R
nick morabito,NYM,R,R
nick pivetta,SD,R,R
nick raquet,BAL,R,L
nick sandlin,LAA,R,R
nick sogard,BOS,S,R
nick yorke,PIT,R,R
nicky lopez,CHC,L,R
nico hoerner,CHC,R,R
noah cameron,KC,L,L
noah schultz,CWS,L,L
noelvi marte,CIN,R,R
nolan arenado,ARI,R,R
nolan gorman,STL,L,R
nolan hoffman,PHI,R,R
nolan mclean,NYM,R,R
nolan schanuel,LAA,L,R
omar martinez,LAA,L,R
oneil cruz,PIT,L,R
orion kerkering,PHI,R,R
orlando ribalta,WSH,R,R
osvaldo bido,ATL,R,R
osvaldo bido,CWS,R,R
oswald peraza,LAA,R,R
oswaldo cabrera,NYY,S,R
otto kemp,PHI,R,R
otto lopez,MIA,R,R
owen caissie,MIA,L,R
ozzie albies,ATL,S,R
pablo lopez,MIN,L,R
parker meadows,DET,L,R
parker messick,CLE,L,L
patrick bailey,SF,S,R
patrick corbin,TOR,L,L
patrick sandoval,BOS,L,L
patrick wisdom,SEA,R,R
paul blackburn,NYY,R,R
paul dejong,NYY,R,R
paul gervase,LAD,R,R
paul goldschmidt,NYY,R,R
paul sewald,ARI,R,R
paul skenes,PIT,R,R
pavin smith,ARI,L,L
paxton schultz,WSH,L,R
payton tolle,BOS,L,L
pedro leon,PHI,R,R
pedro pages,STL,R,R
pedro ramirez,CHC,S,R
pete alonso,BAL,R,R
pete crowarmstrong,CHC,L,L
pete fairbanks,MIA,R,R
peter lambert,HOU,R,R
petey halpin,CLE,L,R
peyton gray,TEX,R,R
peyton pallette,CLE,R,R
phil maton,CHC,R,R
philip abner,ARI,L,L
pierce johnson,CIN,R,R
pierson ohl,COL,R,R
pj higgins,CIN,R,R
pj poulin,WSH,R,L
porter hodge,CHC,R,R
prelander berroa,CWS,R,R
quinn priester,MIL,R,R
rafael devers,SF,L,R
rafael marchan,PHI,S,R
raisel iglesias,ATL,R,R
ramon laureano,SD,R,R
ramon urias,STL,R,R
randal grichuk,CWS,R,R
randal grichuk,NYY,R,R
randy arozarena,SEA,R,R
randy rodriguez,SF,R,R
randy vasquez,SD,R,R
ranger suarez,BOS,L,L
rece hinds,CIN,R,R
reed garrett,NYM,R,R
reed trimble,BAL,S,R
reese olson,DET,R,R
reid detmers,LAA,L,L
reiver sanmartin,SF,L,L
reynaldo lopez,ATL,R,R
rhett lowder,CIN,R,R
rhylan thomas,SEA,L,L
rhys hoskins,CLE,R,R
richard fitts,STL,R,R
richard lovelady,WSH,L,L
richie palacios,TB,L,R
ricky tiedemann,TOR,L,L
ricky vanasco,DET,R,R
rico garcia,BAL,R,R
riley cornelio,WSH,R,R
riley greene,DET,L,L
riley martin,CHC,L,L
riley obrien,STL,R,R
river ryan,LAD,R,R
rj petit,COL,R,R
rob refsnyder,SEA,R,R
rob zastryzny,MIL,R,L
robbie ray,SF,L,L
robby snelling,MIA,R,L
robert garcia,TEX,R,L
robert gasser,MIL,L,L
robert hassell iii,WSH,L,L
robert stephenson,LAA,R,R
robert suarez,ATL,R,R
robinson ortiz,SEA,L,L
roddery munoz,HOU,R,R
rodolfo duran,SD,R,R
roki sasaki,LAD,R,R
rolddy munoz,ATL,R,R
roman anthony,BOS,L,R
romy gonzalez,BOS,R,R
ron marinaccio,SD,R,R
ronald acuna jr,ATL,R,R
ronan kopp,LAD,L,L
ronel blanco,HOU,R,R
ronny henriquez,MIA,R,R
ronny mauricio,NYM,S,R
rowan wick,SF,L,R
royce lewis,MIN,R,R
ryan bergert,KC,R,R
ryan bliss,SEA,R,R
ryan borucki,SF,L,L
ryan feltner,COL,R,R
ryan fernandez,STL,R,R
ryan gusto,MIA,R,R
ryan harbin,PIT,R,R
ryan helsley,BAL,R,R
ryan jeffers,MIN,R,R
ryan johnson,LAA,S,R
ryan kreidler,MIN,R,R
ryan loutos,SEA,R,R
ryan mcmahon,NYY,L,R
ryan mountcastle,BAL,R,R
ryan ohearn,PIT,L,L
ryan pepiot,TB,R,R
ryan ritter,COL,R,R
ryan rolison,CHC,R,L
ryan thompson,ARI,R,R
ryan vilade,TB,R,R
ryan walker,SF,R,R
ryan ward,LAD,L,R
ryan watson,BOS,R,R
ryan weathers,NYY,R,L
ryan weiss,HOU,R,R
ryan yarbrough,NYY,R,L
ryan zeferjahn,LAA,R,R
ryne nelson,ARI,R,R
ryne stanek,STL,R,R
sal frelick,MIL,L,R
sal stewart,CIN,R,R
salvador perez,KC,R,R
sam aldegheri,LAA,L,L
sam antonacci,CWS,L,R
sam bachman,LAA,R,R
sam haggerty,TEX,S,R
sam hentges,SF,L,L
sam moll,CIN,L,L
sammy peralta,COL,L,L
samuel basallo,BAL,L,R
sandy alcantara,MIA,R,R
santiago espinal,LAD,R,R
sawyer gipsonlong,DET,R,R
scott barlow,ATH,R,R
scott kingery,CHC,R,R
sean burke,CWS,R,R
sean manaea,NYM,R,L
sean murphy,ATL,R,R
sean newcomb,CWS,L,L
sebastian rivero,LAA,R,R
seiya suzuki,CHC,R,R
seranthony dominguez,CWS,R,R
seth halvorsen,COL,R,R
seth johnson,PHI,R,R
seth lugo,KC,R,R
shane baz,BAL,R,R
shane bieber,TOR,R,R
shane drohan,MIL,L,L
shane mcclanahan,TB,L,L
shane smith,CWS,R,R
shaun anderson,LAA,R,R
shawn armstrong,CLE,R,R
shay whitcomb,HOU,R,R
shea langeliers,ATH,R,R
shelby miller,CHC,R,R
shohei ohtani,LAD,L,R
shota imanaga,CHC,L,L
simeon woods richardson,MIN,R,R
slade cecconi,CLE,R,R
sonny gray,BOS,R,R
spencer arrighetti,HOU,R,R
spencer bivens,SF,R,R
spencer horwitz,PIT,L,R
spencer jones,NYY,L,L
spencer miles,TOR,L,R
spencer schwellenbach,ATL,R,R
spencer steer,CIN,R,R
spencer strider,ATL,R,R
spencer torkelson,DET,R,R
starling marte,KC,R,R
stephen kolek,KC,R,R
sterlin thompson,COL,L,R
steven cruz,KC,R,R
steven kwan,CLE,L,L
steven matz,TB,R,L
steven okert,HOU,L,L
steven wilson,TB,R,R
steven zobac,KC,L,R
steward berroa,PHI,S,R
sungmun song,SD,L,R
taijuan walker,PHI,R,R
taj bradley,MIN,R,R
tanner banks,PHI,R,L
tanner bibee,CLE,R,R
tanner gordon,COL,L,R
tanner houck,BOS,R,R
tanner mcdougal,CWS,R,R
tanner murray,CWS,R,R
tanner scott,LAD,R,L
tarik skubal,DET,R,L
tatsuya imai,HOU,R,R
tayler saucedo,LAA,L,L
taylor clarke,ARI,R,R
taylor rashi,ARI,R,R
taylor rogers,MIN,L,L
taylor trammell,HOU,L,L
taylor walls,TB,S,R
taylor ward,BAL,R,R
tejay antone,CIN,R,R
tekoah roby,STL,R,R
teoscar hernandez,LAD,R,R
thayron liranzo,DET,S,R
thomas harrington,PIT,R,R
thomas saggese,STL,R,R
tim herrin,CLE,L,L
tim hill,NYY,R,L
tim mayza,PHI,L,L
tim tawa,ARI,R,R
tink hence,STL,R,R
tj friedl,CIN,L,L
tj rumfield,COL,L,R
tobias myers,NYM,R,R
tommy edman,LAD,S,R
tommy nance,TOR,R,R
tomoyuki sugano,COL,R,R
tony santillan,CIN,R,R
travis adams,MIN,R,R
travis bazzana,CLE,L,R
travis darnaud,LAA,R,R
trea turner,PHI,R,R
trei cruz,DET,S,R
trent grisham,NYY,L,L
trent thornton,CHC,R,R
trevor larnach,MIN,L,R
trevor martin,TB,R,R
trevor mcdonald,SF,R,R
trevor megill,MIL,L,R
trevor richards,CWS,R,R
trevor richards,PHI,R,R
trevor rogers,BAL,L,L
trevor story,BOS,R,R
trevor williams,WSH,R,R
trey gibson,BAL,R,R
trey sweeney,DET,L,R
trey yesavage,TOR,R,R
tristan beck,SF,R,R
tristan gray,MIN,L,R
tristan peters,CWS,L,R
triston casas,BOS,L,R
troy johnston,COL,L,L
troy melton,DET,R,R
troy taylor,SEA,R,R
tsungche cheng,BOS,L,R
ty adcock,SD,R,R
ty france,SD,R,R
ty madden,DET,R,R
tyler alexander,TEX,R,L
tyler austin,CHC,R,R
tyler black,MIL,L,R
tyler callihan,PIT,L,R
tyler davis,CWS,R,R
tyler ferguson,ATH,R,R
tyler ferguson,CHC,R,R
tyler fitzgerald,LAD,R,R
tyler fitzgerald,TOR,R,R
tyler freeman,COL,R,R
tyler gilbert,CWS,L,L
tyler glasnow,LAD,L,R
tyler heineman,TOR,S,R
tyler holton,DET,L,L
tyler kinley,ATL,R,R
tyler locklear,ARI,R,R
tyler mahle,SF,R,R
tyler oneill,BAL,R,R
tyler phillips,MIA,R,R
tyler rogers,TOR,R,R
tyler samaniego,BOS,R,L
tyler schweitzer,CWS,L,L
tyler soderstrom,ATH,L,R
tyler stephenson,CIN,R,R
tyler tolbert,KC,R,R
tyler uberstine,BOS,R,R
tyler wells,BAL,R,R
tylor megill,NYM,R,R
tyrone taylor,NYM,R,R
valente bellozo,COL,R,R
vaughn grissom,LAA,R,R
victor caratini,MIN,S,R
victor mederos,ATL,R,R
victor mesa jr,TB,L,L
victor robles,SEA,R,R
victor scott ii,STL,L,L
victor vodnik,COL,R,R
vidal brujan,NYM,S,R
vinnie pasquantino,KC,L,L
vladimir guerrero jr,TOR,R,R
walbert urena,LAA,R,R
walker buehler,SD,R,R
wandy peralta,SD,L,L
welinton herrera,COL,L,L
wenceel perez,DET,S,R
weston wilson,BAL,R,R
wikelman gonzalez,CWS,R,R
wilber dotel,PIT,R,R
will benson,CIN,L,L
will brennan,SF,L,L
will klein,LAD,R,R
will smith,LAD,R,R
will vest,DET,R,R
will wagner,SD,L,R
will warren,NYY,R,R
will wilson,SEA,R,R
willi castro,COL,S,R
william contreras,MIL,R,R
william kempner,MIA,R,R
willie maciver,TEX,R,R
willie maciver,TOR,R,R
willson contreras,BOS,R,R
willy adames,SF,R,R
wilyer abreu,BOS,L,L
winston santos,TEX,R,R
wyatt langford,TEX,R,R
xander bogaerts,SD,R,R
xavier edwards,MIA,S,R
yacksel rios,CHC,R,R
yainer diaz,HOU,R,R
yandy diaz,TB,R,R
yaramil hiraldo,BAL,R,R
yennier cano,BAL,R,R
yerry de los santos,NYY,R,R
yilber diaz,ARI,R,R
yimi garcia,TOR,R,R
yoan moncada,LAA,S,R
yoendrys gomez,MIN,R,R
yoendrys gomez,TB,R,R
yohan ramirez,PIT,R,R
yohel pozo,STL,R,R
yohendrick pinango,TOR,L,L
yoniel curet,DET,R,R
yoniel curet,PHI,R,R
yordan alvarez,HOU,L,R
yorman gomez,CLE,R,R
yoshinobu yamamoto,LAD,R,R
yosver zulueta,SEA,R,R
yuki matsui,SD,L,L
yusei kikuchi,LAA,L,L
zac gallen,ARI,R,R
zac veen,COL,L,R
zach agnos,COL,R,R
zach cole,HOU,L,R
zach dezenzo,HOU,R,R
zach eflin,BAL,R,R
zach maxwell,CIN,R,R
zach mckinstry,DET,L,R
zach neto,LAA,R,R
zach pop,PHI,R,R
zack gelof,ATH,R,R
zack kelly,BOS,R,R
zack littell,WSH,R,R
zack short,DET,R,R
zack wheeler,PHI,L,R
zak kent,MIN,R,R
zak kent,WSH,R,R
zebby matthews,MIN,R,R
haoyu lee,DET,R,R
rafael flores,PIT,R,R
will kempner,MIA,R,R
